City_ID,City,Country,Lat,Lng,Max Temp,Humidity,Cloudiness,Wind Speed,Current Description
0,Pevek,RU,69.7008,170.3133,-15.93,98,94,7.81,overcast clouds
1,Hervey Bay,AU,-25.2986,152.8535,73.0,97,100,5.99,overcast clouds
2,Touros,BR,-5.1989,-35.4608,86.0,66,40,14.97,scattered clouds
3,Busselton,AU,-33.65,115.3333,64.0,89,0,1.99,clear sky
4,Sitka,US,57.0531,-135.33,35.6,93,90,8.05,light rain
5,Sao Filipe,CV,14.8961,-24.4956,77.29,63,17,1.23,few clouds
6,Ladario,BR,-19.0047,-57.6017,89.6,62,20,8.05,few clouds
7,Mataura,NZ,-46.1927,168.8643,55.99,70,39,3.0,scattered clouds
8,Alamosa,US,37.4695,-105.87,44.6,45,1,1.1,clear sky
9,Tuktoyaktuk,CA,69.4541,-133.0374,-22.0,76,20,10.36,few clouds
10,Upernavik,GL,72.7868,-56.1549,-12.15,74,0,11.56,clear sky
11,Vaini,TO,-21.2,-175.2,75.2,83,75,5.75,broken clouds
12,Jamestown,US,42.097,-79.2353,52.0,49,1,10.36,clear sky
13,Tiksi,RU,71.6872,128.8694,-21.19,100,76,4.68,broken clouds
14,Hermanus,ZA,-34.4187,19.2345,70.0,82,86,3.0,overcast clouds
15,Olinda,BR,-8.0089,-34.8553,82.4,65,40,8.05,scattered clouds
16,Taoudenni,ML,22.6783,-3.9836,101.01,9,4,16.4,clear sky
17,Birao,CF,10.2849,22.7882,99.37,9,51,9.78,broken clouds
18,Bugulma,RU,54.55,52.8,31.35,92,100,13.49,overcast clouds
19,Berlevag,NO,70.8578,29.0864,33.8,93,75,29.93,light rain
20,Dryden,CA,49.7833,-92.7503,46.4,36,1,13.8,clear sky
21,Presidencia Roque Saenz Pena,AR,-26.7852,-60.4388,84.99,53,100,1.99,overcast clouds
22,Paamiut,GL,61.994,-49.6678,37.26,85,100,23.04,overcast clouds
23,Hasaki,JP,35.7333,140.8333,64.4,94,75,8.05,broken clouds
24,Ossora,RU,59.2353,163.0719,13.57,93,100,27.6,snow
25,Lavrentiya,RU,65.5833,-171.0,-6.65,83,100,8.95,overcast clouds
26,Kavieng,PG,-2.5744,150.7967,77.09,91,100,8.28,heavy intensity rain
27,Vanimo,PG,-2.6741,141.3028,78.35,88,100,0.45,overcast clouds
28,Chapais,CA,49.7834,-74.8492,33.8,55,90,2.73,overcast clouds
29,Castro,BR,-24.7911,-50.0119,71.91,56,57,6.49,broken clouds
30,Punta Arenas,CL,-53.15,-70.9167,44.6,57,0,14.97,clear sky
31,Bilibino,RU,68.0546,166.4372,-21.57,99,71,3.53,broken clouds
32,Bluff,NZ,-46.6,168.3333,55.99,70,70,3.0,light rain
33,San Policarpo,PH,12.1791,125.5072,81.82,69,83,11.5,broken clouds
34,Severo-Kurilsk,RU,50.6789,156.125,28.89,81,84,14.36,broken clouds
35,Borzna,UA,51.2546,32.4269,43.16,62,81,6.2,broken clouds
36,Vettavalam,IN,12.1,79.25,82.09,76,67,5.75,broken clouds
37,Mayya,RU,61.7333,130.2811,-11.2,70,0,6.71,clear sky
38,Kapaa,US,22.0752,-159.319,73.4,68,90,19.57,light rain
39,Abu Kamal,SY,34.4506,40.9171,70.61,29,0,7.23,clear sky
40,Miri,MY,4.4148,114.0089,80.6,78,40,6.91,light rain
41,Oranjemund,NA,-28.55,16.4333,65.82,88,15,17.58,few clouds
42,Airai,TL,-8.9266,125.4092,60.28,96,100,4.5,overcast clouds
43,Humberto De Campos,BR,-2.5983,-43.4611,84.6,74,85,8.46,overcast clouds
44,Port Elizabeth,ZA,-33.918,25.5701,69.8,64,0,19.57,clear sky
45,East London,ZA,-33.0153,27.9116,75.2,50,0,3.44,clear sky
46,Meulaboh,ID,4.1363,96.1285,77.92,86,100,2.3,overcast clouds
47,Saint-Philippe,RE,-21.3585,55.7679,82.4,74,0,1.14,clear sky
48,Nyurba,RU,63.2842,118.3319,-13.58,100,98,2.91,overcast clouds
49,Avarua,CK,-21.2078,-159.775,80.6,83,75,12.66,broken clouds
50,Fortuna,US,40.5982,-124.1573,50.0,93,90,3.44,overcast clouds
51,Rikitea,PF,-23.1203,-134.9692,77.13,69,31,14.76,scattered clouds
52,Ostrovnoy,RU,68.0531,39.5131,32.25,86,100,21.09,overcast clouds
53,Hithadhoo,MV,-0.6,73.0833,83.75,75,69,17.36,broken clouds
54,Poum,NC,-20.2333,164.0167,78.93,79,100,23.31,overcast clouds
55,Juneau,US,58.3019,-134.4197,35.6,80,90,8.05,light snow
56,Fare,PF,-16.7,-151.0167,80.74,77,18,10.22,light rain
57,Kieta,PG,-6.2167,155.6333,78.3,82,94,3.71,light rain
58,Nieuw Amsterdam,SR,5.8833,-55.0833,87.01,70,40,6.91,scattered clouds
59,Saint Pete Beach,US,27.7253,-82.7412,71.01,39,4,3.0,clear sky
60,Risod,IN,19.9667,76.7833,88.92,12,2,7.87,clear sky
61,Pisco,PE,-13.7,-76.2167,75.0,83,92,4.61,overcast clouds
62,Matara,LK,5.9485,80.5353,78.1,83,69,8.5,broken clouds
63,Qaanaaq,GL,77.484,-69.3632,-12.93,67,15,6.8,few clouds
64,Uvalde,US,29.3669,-99.767,62.01,88,90,10.36,overcast clouds
65,Thompson,CA,55.7435,-97.8558,23.0,58,20,4.61,few clouds
66,Georgetown,MY,5.4112,100.3354,86.0,74,20,6.91,light rain
67,Saint George,US,37.1041,-113.5841,55.4,26,1,2.91,clear sky
68,General Pico,AR,-35.6566,-63.7568,80.15,45,0,15.21,clear sky
69,Turukhansk,RU,65.8167,87.9833,22.96,93,100,18.79,light snow
70,Port Alfred,ZA,-33.5906,26.891,69.01,75,0,10.89,clear sky
71,Saint Anthony,US,45.0205,-93.218,66.99,29,1,11.5,clear sky
72,Inhambane,MZ,-23.865,35.3833,80.6,50,20,6.91,few clouds
73,Santa Maria,BR,-29.6842,-53.8069,78.8,69,0,6.91,clear sky
74,Zhigansk,RU,66.7697,123.3711,-22.2,99,52,5.95,broken clouds
75,Vizinga,RU,61.0749,50.1031,28.13,98,100,1.34,light snow
76,Tyukhtet,RU,56.5389,89.3011,28.53,99,89,4.27,overcast clouds
77,Beringovskiy,RU,63.05,179.3167,-12.14,97,25,6.69,scattered clouds
78,Andijon,UZ,40.7821,72.3442,48.0,55,100,1.99,overcast clouds
79,Mulchen,CL,-37.7167,-72.2333,66.2,59,0,5.28,clear sky
80,Shalakusha,RU,62.2247,40.2539,33.69,84,100,9.42,overcast clouds
81,Palmer,US,42.1584,-72.3287,54.0,27,20,4.61,few clouds
82,Bam,IR,29.106,58.357,69.24,12,67,7.49,broken clouds
83,Jatibonico,CU,21.9419,-79.17,77.49,44,27,18.28,scattered clouds
84,Ushuaia,AR,-54.8,-68.3,42.8,75,20,6.91,few clouds
85,Stykkisholmur,IS,65.0757,-22.7297,17.71,52,100,22.64,overcast clouds
86,Laguna,US,38.421,-121.4238,55.0,87,1,3.53,clear sky
87,Ilhabela,BR,-23.7781,-45.3581,76.69,76,98,5.37,overcast clouds
88,Yellowknife,CA,62.456,-114.3525,10.0,66,75,5.75,broken clouds
89,Sydney Mines,CA,46.2367,-60.2177,37.99,100,90,23.02,mist
90,Bredasdorp,ZA,-34.5322,20.0403,75.2,57,86,14.97,overcast clouds
91,Salalah,OM,17.0151,54.0924,82.4,78,0,6.91,clear sky
92,Santa Rosa,PH,14.3122,121.1114,84.2,65,20,6.91,few clouds
93,Tunceli,TR,39.1083,39.5471,59.0,41,40,12.66,scattered clouds
94,Mahanje,TZ,-9.9333,35.3333,67.19,92,62,2.66,light rain
95,Carnarvon,AU,-24.8667,113.6333,78.8,73,43,14.97,scattered clouds
96,Port-Gentil,GA,-0.7193,8.7815,87.8,70,20,12.66,light rain
97,Rabaul,PG,-4.1967,152.1721,78.46,81,99,3.42,moderate rain
98,Kahului,US,20.8947,-156.47,69.8,94,75,11.5,light rain
99,Barrow,US,71.2906,-156.7887,-11.2,70,1,12.66,clear sky
100,Lebu,CL,-37.6167,-73.65,62.49,59,0,6.93,clear sky
101,Harper,LR,4.375,-7.7169,83.75,71,59,5.7,light rain
102,Longyearbyen,SJ,78.2186,15.6401,22.89,71,94,35.08,overcast clouds
103,Kaitangata,NZ,-46.2817,169.8464,64.99,42,43,24.0,scattered clouds
104,Arraial Do Cabo,BR,-22.9661,-42.0278,82.4,65,40,14.97,scattered clouds
105,Dunedin,NZ,-45.8742,170.5036,54.0,90,31,3.0,scattered clouds
106,Geraldton,AU,-28.7667,114.6,73.4,83,40,16.11,scattered clouds
107,Andenes,NO,69.3143,16.1194,33.01,64,75,13.8,light snow
108,Ilulissat,GL,69.2167,-51.1,15.8,53,20,21.18,few clouds
109,Bambous Virieux,MU,-20.3428,57.7575,81.0,78,20,8.05,few clouds
110,Sechura,PE,-5.5569,-80.8222,79.88,61,63,5.77,broken clouds
111,Souillac,MU,-20.5167,57.5167,80.6,78,20,8.05,few clouds
112,Sorong,ID,-0.8833,131.25,81.75,80,46,5.75,scattered clouds
113,Brigantine,US,39.4101,-74.3646,53.6,43,75,4.61,broken clouds
114,Lorengau,PG,-2.0226,147.2712,80.6,81,99,8.21,overcast clouds
115,Cape Town,ZA,-33.9258,18.4232,71.6,68,20,13.8,few clouds
116,Atuona,PF,-9.8,-139.0333,80.29,79,77,11.07,broken clouds
117,Panguna,PG,-6.3164,155.4848,68.14,95,100,2.04,overcast clouds
118,Cozumel,MX,20.5083,-86.9458,80.6,54,1,14.97,clear sky
119,Butaritari,KI,3.0707,172.7902,81.23,79,37,9.64,light rain
120,Alofi,NU,-19.0595,-169.9187,71.6,100,97,2.3,overcast clouds
121,Oktyabrskiy,RU,54.4815,53.471,33.15,96,100,9.6,light snow
122,Chokurdakh,RU,70.6333,147.9167,-26.95,100,19,4.97,few clouds
123,Dingle,PH,10.9995,122.6711,76.17,85,51,7.36,broken clouds
124,Jinchang,CN,38.4953,102.1739,45.55,66,85,2.64,overcast clouds
125,Mar Del Plata,AR,-38.0023,-57.5575,73.99,73,40,11.5,scattered clouds
126,Saskylakh,RU,71.9167,114.0833,-26.46,100,22,3.15,few clouds
127,Nikolskoye,RU,59.7035,30.7861,42.8,65,20,13.42,few clouds
128,Timmins,CA,48.4669,-81.3331,42.8,56,20,6.91,few clouds
129,Anjozorobe,MG,-18.4,47.8667,69.8,83,40,2.3,light rain
130,Kodiak,US,57.79,-152.4072,32.0,80,1,3.44,clear sky
131,Port Hardy,CA,50.6996,-127.4199,41.0,93,40,8.05,scattered clouds
132,Bethel,US,41.3712,-73.414,52.0,29,90,5.5,overcast clouds
133,Maragogi,BR,-9.0122,-35.2225,84.22,66,40,9.08,scattered clouds
134,Tasiilaq,GL,65.6145,-37.6368,28.4,43,75,2.3,broken clouds
135,Waddan,LY,29.1614,16.139,89.26,6,7,17.43,clear sky
136,Caravelas,BR,-17.7125,-39.2481,83.43,60,84,9.75,broken clouds
137,Albany,US,42.6001,-73.9662,51.01,23,25,1.99,scattered clouds
138,Hualmay,PE,-11.0964,-77.6139,75.22,71,43,8.59,scattered clouds
139,Choix,MX,26.7092,-108.3219,85.71,11,0,2.04,clear sky
140,Kysyl-Syr,RU,63.8986,122.7617,-21.53,99,79,2.91,broken clouds
141,Ozernovskiy,RU,51.5,156.5167,29.01,87,100,25.72,light snow
142,Hobart,AU,-42.8794,147.3294,57.2,62,75,9.22,broken clouds
143,Big Spring,US,32.2504,-101.4787,63.0,77,90,10.36,overcast clouds
144,Karratha,AU,-20.7377,116.8463,84.27,47,2,6.87,clear sky
145,Russell,US,32.3502,-85.1999,64.99,58,1,2.86,clear sky
146,Gizo,SB,-8.103,156.8419,82.27,76,100,2.64,moderate rain
147,Miguel Hidalgo,MX,19.4225,-99.2028,64.4,47,1,4.61,clear sky
148,Adrar,MR,20.5022,-10.0711,97.09,11,56,8.93,broken clouds
149,Codrington,AU,-38.2667,141.9667,57.87,67,84,7.31,broken clouds
150,La Baule-Escoublac,FR,47.2922,-2.364,61.0,44,0,10.36,clear sky
151,Ayan,RU,56.45,138.1667,4.5,79,1,9.35,clear sky
152,Ville-Marie,CA,47.3335,-79.433,44.6,57,1,10.36,clear sky
153,Torbay,CA,47.6666,-52.7314,42.01,100,90,16.11,mist
154,Hokitika,NZ,-42.7167,170.9667,61.84,93,99,4.88,overcast clouds
155,Vao,NC,-22.6667,167.4833,76.1,61,85,21.68,overcast clouds
156,Namatanai,PG,-3.6667,152.4333,77.86,85,97,6.8,moderate rain
157,Puerto Ayora,EC,-0.7393,-90.3518,80.6,78,20,9.22,few clouds
158,Saldanha,ZA,-33.0117,17.9442,75.2,60,72,17.27,broken clouds
159,Faanui,PF,-16.4833,-151.75,81.1,77,25,8.84,light rain
160,Aasiaat,GL,68.7098,-52.8699,15.89,56,100,34.67,overcast clouds
161,Yatou,CN,37.15,122.3833,42.4,54,35,8.72,scattered clouds
162,Haines Junction,CA,60.7522,-137.5108,10.4,79,100,3.44,overcast clouds
163,Mahebourg,MU,-20.4081,57.7,80.6,78,20,8.05,few clouds
164,Bilma,NE,18.6853,12.9164,91.04,5,0,5.39,clear sky
165,Naze,JP,28.3667,129.4833,61.52,77,100,16.62,overcast clouds
166,Olafsvik,IS,64.8945,-23.7142,20.19,53,100,16.98,overcast clouds
167,Mocuba,MZ,-16.8392,36.9856,74.75,80,85,5.14,overcast clouds
168,Cabo San Lucas,MX,22.8909,-109.9124,81.0,24,1,5.75,clear sky
169,Daru,PG,-9.0763,143.2092,76.87,91,76,7.4,broken clouds
170,Coquimbo,CL,-29.9533,-71.3436,62.6,72,90,2.3,overcast clouds
171,Mineral Wells,US,32.8085,-98.1128,62.01,72,90,6.91,overcast clouds
172,New Norfolk,AU,-42.7826,147.0587,55.99,66,100,4.0,overcast clouds
173,Kruisfontein,ZA,-34.0033,24.7314,70.0,71,0,8.01,clear sky
174,Sao Joao Da Barra,BR,-21.6403,-41.0511,84.2,54,75,11.5,broken clouds
175,Ixtapa,MX,20.7,-105.2,73.4,68,1,6.91,clear sky
176,Tuatapere,NZ,-46.1333,167.6833,55.99,70,42,3.0,scattered clouds
177,Sao Borja,BR,-28.6606,-56.0044,84.06,53,92,6.33,overcast clouds
178,Vilhena,BR,-12.7406,-60.1458,82.4,74,40,8.05,scattered clouds
179,Portland,US,45.5234,-122.6762,51.01,66,75,9.22,broken clouds
180,Price,US,39.5994,-110.8107,55.4,30,1,1.59,clear sky
181,Cockburn Town,TC,21.4612,-71.1419,77.0,65,75,18.41,broken clouds
182,Havelock,US,34.8791,-76.9013,63.0,39,1,19.57,clear sky
183,Lahij,YE,13.1667,44.5833,80.29,44,5,5.35,clear sky
184,Sinnamary,GF,5.3833,-52.95,80.1,84,100,10.25,overcast clouds
185,Almazar,UZ,40.3217,69.0106,51.8,82,90,11.18,overcast clouds
186,Cayenne,GF,4.9333,-52.3333,77.0,94,75,4.61,heavy intensity rain
187,Vostok,RU,46.4856,135.8833,21.78,75,1,5.75,clear sky
188,Katsuura,JP,35.1333,140.3,66.2,94,75,9.22,mist
189,Menongue,AO,-14.6585,17.691,73.47,60,34,5.06,scattered clouds
190,Vikhorevka,RU,56.1201,101.1636,26.6,80,97,4.47,overcast clouds
191,Krasnoselkup,RU,65.7,82.4667,33.22,98,100,14.03,overcast clouds
192,Aguimes,ES,27.9054,-15.4461,71.01,52,20,19.57,few clouds
193,Omsukchan,RU,62.5333,155.8,-16.92,98,98,4.27,overcast clouds
194,Bengkulu,ID,-3.8004,102.2655,77.43,84,100,8.99,overcast clouds
195,Henties Bay,NA,-22.116,14.2845,71.01,78,4,8.99,clear sky
196,Manggar,ID,-2.8833,108.2667,80.83,79,90,4.61,overcast clouds
197,Riyadh,SA,24.6877,46.7219,78.8,11,0,13.8,clear sky
198,Savannah Bight,HN,16.45,-85.85,81.0,78,75,19.73,broken clouds
199,Kapit,MY,2.0167,112.9333,74.59,96,92,1.28,moderate rain
200,Innisfail,AU,-17.5333,146.0333,73.58,95,100,4.41,overcast clouds
201,San Cristobal,VE,7.7669,-72.225,80.6,94,40,6.91,scattered clouds
202,Batagay,RU,67.6333,134.6333,-11.87,99,100,2.77,overcast clouds
203,Sola,VU,-13.8833,167.55,81.57,79,99,16.71,overcast clouds
204,Verkhoyansk,RU,67.5447,133.385,-16.46,99,99,3.13,overcast clouds
205,Birin,NP,26.8865,88.0718,73.4,46,40,1.14,haze
206,Avera,US,33.194,-82.5271,66.99,34,1,8.05,clear sky
207,Muros,ES,42.7762,-9.0603,75.0,38,3,3.29,clear sky
208,Dolni Bousov,CZ,50.4383,15.1281,48.99,55,23,11.01,few clouds
209,Den Helder,NL,52.9599,4.7593,45.0,76,75,20.71,broken clouds
210,Alta,NO,69.9689,23.2717,33.8,69,75,5.12,broken clouds
211,Progreso,MX,21.2833,-89.6667,80.01,57,40,9.22,scattered clouds
212,Murmashi,RU,68.8154,32.8115,37.4,70,40,8.95,scattered clouds
213,Dao,PH,11.3937,122.6856,76.5,86,50,4.72,scattered clouds
214,Makubetsu,JP,45.3714,141.8211,33.35,63,37,7.0,scattered clouds
215,Alugan,PH,12.2188,125.4808,81.55,69,85,10.89,overcast clouds
216,Cidreira,BR,-30.1811,-50.2056,75.09,68,4,14.56,clear sky
217,Tabou,CI,4.423,-7.3528,83.34,72,63,6.64,light rain
218,Shasta Lake,US,40.6804,-122.3708,52.0,64,1,1.36,clear sky
219,Buchanan,LR,5.8808,-10.0467,84.2,84,75,5.75,light rain
220,Almoloya,MX,19.7,-98.4,55.4,41,1,3.44,clear sky
221,Beloha,MG,-25.1667,45.05,71.69,80,35,10.78,moderate rain
222,Constitucion,CL,-35.3333,-72.4167,63.14,66,28,7.78,scattered clouds
223,Kapuskasing,CA,49.4169,-82.4331,41.0,56,97,3.44,overcast clouds
224,Laguna De Duero,ES,41.5815,-4.7233,63.0,31,0,12.66,clear sky
225,Leh,IN,34.1667,77.5833,38.71,46,100,4.27,overcast clouds
226,Tessalit,ML,20.1986,1.0114,96.62,4,0,3.29,clear sky
227,Pitimbu,BR,-7.4706,-34.8086,86.0,74,75,10.36,broken clouds
228,Khor,RU,47.8861,134.9464,33.94,54,15,6.53,few clouds
229,Namibe,AO,-15.1961,12.1522,79.7,83,100,13.24,overcast clouds
230,College,US,64.8569,-147.8028,33.8,86,90,5.75,moderate rain
231,Surt,LY,31.2089,16.5887,87.17,16,84,16.08,broken clouds
232,Kodinar,IN,20.7903,70.7031,78.73,79,4,7.96,clear sky
233,Kargasok,RU,59.0556,80.8572,31.87,85,100,9.08,overcast clouds
234,Vestmannaeyjar,IS,63.4427,-20.2734,26.53,47,85,29.82,overcast clouds
235,Marawi,PH,7.9986,124.2928,67.84,94,100,0.72,overcast clouds
236,Manaure,CO,11.7751,-72.4445,85.53,58,81,13.98,broken clouds
237,Srednekolymsk,RU,67.45,153.6833,-13.63,100,55,6.17,broken clouds
238,Walvis Bay,NA,-22.9575,14.5053,87.8,30,12,14.97,few clouds
239,Newport,GB,51.5877,-2.9984,57.0,65,15,3.0,few clouds
240,Manta,EC,-0.95,-80.7333,82.4,74,75,5.75,broken clouds
241,Namie,JP,37.4833,141.0,57.0,98,100,3.31,overcast clouds
242,Parana,AR,-31.732,-60.5238,84.99,51,74,3.0,broken clouds
243,Klaksvik,FO,62.2266,-6.589,24.8,68,75,41.43,fog
244,Trogir,HR,43.5125,16.2517,57.2,26,0,11.5,clear sky
245,Arys,KZ,42.4252,68.795,51.8,82,90,15.66,overcast clouds
246,Gimli,CA,50.6336,-96.9907,35.6,64,67,12.66,broken clouds
247,Port Victoria,KE,0.0939,33.9756,74.61,69,97,7.18,overcast clouds
248,Aklavik,CA,68.2191,-135.0107,-16.6,76,40,4.61,scattered clouds
249,Kindu,CD,-2.95,25.95,76.8,81,73,3.49,broken clouds
250,Katobu,ID,-4.9408,122.5276,78.33,85,100,5.1,overcast clouds
251,Mpongwe,ZM,-13.5091,28.155,69.84,77,100,5.91,overcast clouds
252,Gafargaon,BD,24.4333,90.5667,71.6,94,90,23.02,overcast clouds
253,Kavaratti,IN,10.5669,72.642,82.99,68,55,14.58,broken clouds
254,Ilebo,CD,-4.3167,20.5833,71.67,99,100,2.86,light rain
255,Yumen,CN,40.2833,97.2,44.26,42,0,15.26,clear sky
256,Nador,MA,35.174,-2.9287,68.0,63,0,12.66,clear sky
257,Nuuk,GL,64.1835,-51.7216,33.73,96,100,43.13,snow
258,Tigil,RU,57.8,158.6667,24.06,95,100,6.22,light snow
259,Leningradskiy,RU,69.3833,178.4167,-3.12,97,100,6.71,overcast clouds
260,Maicao,CO,11.3832,-72.2432,87.04,52,91,15.99,overcast clouds
261,Tutoia,BR,-2.7619,-42.2744,87.8,70,75,16.11,broken clouds
262,Slave Lake,CA,55.2834,-114.769,33.8,100,90,4.61,mist
263,Goderich,CA,43.7501,-81.7165,41.0,81,12,5.75,few clouds
264,Khatanga,RU,71.9667,102.5,-16.2,91,11,6.06,few clouds
265,Bol,TD,13.4586,14.7147,83.01,53,0,8.9,clear sky
266,Thanh Hoa,VN,19.8,105.7667,72.05,96,93,1.61,overcast clouds
267,Dikson,RU,73.5069,80.5464,6.67,87,100,7.9,overcast clouds
268,Buala,SB,-8.145,159.5921,79.93,84,95,2.71,overcast clouds
269,Qitaihe,CN,45.8,130.85,35.69,44,0,6.87,clear sky
270,Ndele,CF,8.4109,20.6473,100.36,11,37,5.61,scattered clouds
271,Keetmanshoop,NA,-26.5833,18.1333,84.2,28,20,21.85,few clouds
272,Metro,ID,-5.1131,105.3067,76.62,90,100,4.25,overcast clouds
273,Grenaa,DK,56.4158,10.8783,48.2,66,75,17.27,broken clouds
274,Shush,IR,32.1942,48.2436,71.22,14,0,9.35,clear sky
275,San Quintin,MX,30.4833,-115.95,63.39,70,3,10.29,clear sky
276,Kokopo,PG,-4.352,152.2633,76.15,85,100,3.04,light rain
277,Broome,US,42.2506,-75.833,53.01,46,1,10.36,clear sky
278,Okhotsk,RU,59.3833,143.3,19.2,96,100,2.93,overcast clouds
279,Kaeo,NZ,-35.1,173.7833,51.01,94,17,3.31,few clouds
280,Kununurra,AU,-15.7667,128.7333,71.6,94,100,3.31,overcast clouds
281,Banda Aceh,ID,5.5577,95.3222,80.53,78,90,7.02,overcast clouds
282,Port Hedland,AU,-20.3167,118.5667,77.0,53,2,6.91,clear sky
283,Jaroslaw,PL,50.0162,22.6778,45.0,63,98,6.82,overcast clouds
284,Deputatskiy,RU,69.3,139.9,-9.2,99,100,1.3,overcast clouds
285,Macau,MO,22.2006,113.5461,75.2,78,40,10.36,scattered clouds
286,Kembe,CF,4.6228,21.8865,88.54,41,92,3.09,overcast clouds
287,Ulaangom,MN,49.9811,92.0667,33.13,42,0,1.7,clear sky
288,Araouane,ML,18.9048,-3.5265,100.99,4,3,1.01,clear sky
289,Samana,DO,19.2056,-69.3369,78.8,83,75,6.91,broken clouds
290,Norman Wells,CA,65.282,-126.8329,3.2,72,40,5.75,scattered clouds
291,Adiake,CI,5.2863,-3.304,89.6,70,20,12.66,few clouds
292,Guerrero Negro,MX,27.9769,-114.0611,63.73,71,2,12.8,clear sky
293,Quatre Cocos,MU,-20.2078,57.7625,81.0,78,20,8.05,few clouds
294,Hilo,US,19.7297,-155.09,68.0,83,75,4.61,broken clouds
295,Cherskiy,RU,68.75,161.3,-15.36,100,96,2.82,overcast clouds
296,Sambava,MG,-14.2667,50.1667,80.04,82,8,7.18,clear sky
297,Vila Velha,BR,-20.3297,-40.2925,80.6,74,20,14.97,few clouds
298,Shache,CN,38.4167,77.2406,51.3,41,10,7.23,clear sky
299,Andradina,BR,-20.8961,-51.3794,91.74,25,54,8.3,broken clouds
300,Hofn,IS,64.2539,-15.2082,18.07,56,56,24.52,broken clouds
301,Saint-Joseph,RE,-21.3667,55.6167,82.4,74,0,1.14,clear sky
302,Challans,FR,46.8436,-1.8749,61.0,44,0,9.22,clear sky
303,Roald,NO,62.5833,6.1333,33.8,86,75,20.71,snow
304,Bandundu,CD,-3.3167,17.3667,85.95,62,67,3.24,broken clouds
305,Hagerstown,US,39.6418,-77.72,63.0,33,1,4.61,clear sky
306,Iqaluit,CA,63.7506,-68.5145,10.4,72,20,5.75,few clouds
307,Chuy,UY,-33.6971,-53.4616,76.48,61,15,9.64,few clouds
308,Longjiang,CN,47.3303,123.1836,45.27,35,95,7.9,overcast clouds
309,Akyab,MM,20.15,92.9,79.88,79,0,1.88,clear sky
310,Ballina,AU,-28.8667,153.5667,68.0,94,75,6.91,broken clouds
311,Batsfjord,NO,70.6345,29.7185,32.0,93,75,29.93,snow
312,Beruwala,LK,6.4788,79.9828,80.26,77,14,5.59,few clouds
313,North Bend,US,43.4065,-124.2243,48.99,93,90,9.22,overcast clouds
314,Larap,PH,14.299,122.6504,77.04,83,6,7.85,clear sky
315,Asfi,MA,32.2994,-9.2372,64.69,68,0,18.52,clear sky
316,Sulangan,PH,11.1373,123.7228,82.17,72,53,17.85,broken clouds
317,Vila Franca Do Campo,PT,37.7167,-25.4333,59.0,88,40,16.11,scattered clouds
318,Almeria,ES,37.1667,-2.3333,71.6,53,40,11.5,scattered clouds
319,La Joya,MX,18.6667,-99.4667,80.01,30,1,4.27,clear sky
320,Nanortalik,GL,60.1432,-45.2371,37.09,79,94,11.39,overcast clouds
321,Labuhan,ID,-6.8844,112.2051,77.14,90,100,9.57,overcast clouds
322,Szubin,PL,53.0097,17.74,50.0,43,0,14.97,clear sky
323,Ponta Do Sol,PT,32.6667,-17.1,64.4,63,40,3.44,scattered clouds
324,Hatillo,PR,18.4863,-66.8254,86.0,74,1,8.05,clear sky
325,Laramie,US,41.3114,-105.5911,59.0,36,40,9.22,scattered clouds
326,Mount Isa,AU,-20.7333,139.5,73.4,60,16,6.91,few clouds
327,Mouila,GA,-1.8685,11.0559,79.63,89,99,2.89,moderate rain
328,Whitehorse,CA,60.7161,-135.0538,19.99,73,75,14.97,broken clouds
329,Havoysund,NO,70.9963,24.6622,30.2,86,75,9.22,light snow
330,Viedma,AR,-40.8135,-62.9967,84.4,32,4,18.1,clear sky
331,Nome,US,64.5011,-165.4064,1.4,71,20,23.02,snow
332,Seydi,TM,39.4816,62.9137,55.53,39,26,15.3,scattered clouds
333,Auki,SB,-8.7676,160.7034,78.3,87,93,2.84,overcast clouds
334,Husavik,IS,66.0449,-17.3389,14.0,92,90,28.77,snow
335,San Jeronimo,PE,-11.9472,-75.2829,56.79,63,96,2.33,overcast clouds
336,Ancud,CL,-41.8697,-73.8203,64.99,62,0,3.44,clear sky
337,Provideniya,RU,64.3833,-173.3,-5.64,88,34,8.12,scattered clouds
338,Rabo De Peixe,PT,37.8,-25.5833,59.0,88,40,16.11,scattered clouds
339,Mitu,CO,1.1983,-70.1733,74.44,94,100,2.8,overcast clouds
340,Nara,JP,34.6851,135.8049,55.99,74,100,6.91,overcast clouds
341,Coripata,BO,-16.3,-67.6,50.0,66,75,4.61,broken clouds
342,Khasan,RU,42.4308,130.6434,39.34,58,0,5.08,clear sky
343,Luderitz,NA,-26.6481,15.1594,77.43,55,1,24.83,clear sky
344,Yaan,NG,7.3833,8.5667,100.45,21,85,4.21,overcast clouds
345,Clyde River,CA,70.4692,-68.5914,-13.0,84,1,4.61,clear sky
346,Izhma,RU,65.0083,53.9113,22.73,93,69,2.04,broken clouds
347,Bathsheba,BB,13.2167,-59.5167,84.2,54,40,18.41,scattered clouds
348,Bandarbeyla,SO,9.4942,50.8122,80.69,74,23,9.86,few clouds
349,Tivaouane,SN,14.9515,-16.8129,93.2,31,0,16.11,clear sky
350,Jyvaskyla,FI,62.2415,25.7209,48.2,46,0,9.22,clear sky
351,Yulara,AU,-25.2406,130.9889,69.8,35,0,8.05,clear sky
352,Baldwin,US,30.7505,-87.7667,66.99,41,0,3.18,clear sky
353,Aleksandrov Gay,RU,50.147,48.5704,39.22,64,99,5.28,overcast clouds
354,Yenagoa,NG,4.9247,6.2642,89.42,55,100,8.9,light rain
355,Belyy Yar,RU,53.6039,91.3903,33.8,55,0,4.47,clear sky
356,Mbini,GQ,1.574,9.6134,87.8,79,20,9.22,light rain
357,Cambrils,ES,41.0748,1.0524,62.6,63,0,8.05,clear sky
358,Kenora,CA,49.8167,-94.4337,51.8,28,75,16.11,broken clouds
359,Acari,PE,-15.4311,-74.6158,81.3,60,100,9.95,overcast clouds
360,Key West,US,24.5557,-81.7826,75.0,53,1,17.27,clear sky
361,Wielun,PL,51.221,18.5696,45.0,63,90,7.02,overcast clouds
362,Blagoyevo,RU,63.3667,47.9167,26.46,91,83,3.91,broken clouds
363,Chicla,PE,-11.705,-76.2686,50.58,59,98,3.91,overcast clouds
364,Smirnykh,RU,49.75,142.8333,21.33,88,12,3.78,few clouds
365,Nambucca Heads,AU,-30.65,153.0,66.2,94,100,1.14,heavy intensity rain
366,West Wendover,US,40.7391,-114.0733,51.8,37,1,4.61,clear sky
367,Ahipara,NZ,-35.1667,173.1667,58.33,82,20,4.5,few clouds
368,Kutum,SD,14.2,24.6667,83.8,11,32,14.5,scattered clouds
369,Savalou,BJ,7.9281,1.9756,100.56,24,60,4.47,broken clouds
370,Drumheller,CA,51.4617,-112.7101,45.0,60,92,1.14,overcast clouds
371,San Ramon,US,37.7799,-121.978,53.01,66,90,8.05,overcast clouds
372,Boone,US,39.0334,-92.3335,68.0,50,0,11.99,clear sky
373,Margate,GB,51.3813,1.3862,55.99,58,30,3.0,scattered clouds
374,Ojinaga,MX,29.5667,-104.4167,64.4,63,90,8.05,overcast clouds
375,Grand Gaube,MU,-20.0064,57.6608,81.0,74,3,8.01,clear sky
376,Lompoc,US,34.6391,-120.4579,52.0,87,44,3.44,scattered clouds
377,Borda Da Mata,BR,-22.2742,-46.1653,71.6,64,40,3.22,scattered clouds
378,Zhangye,CN,38.9342,100.4517,48.96,44,44,6.55,scattered clouds
379,Marsa Matruh,EG,31.3525,27.2453,84.2,15,0,8.05,clear sky
380,Minas Novas,BR,-17.2186,-42.5903,78.3,76,81,3.94,broken clouds
381,Zaria,NG,11.1113,7.7227,96.8,8,3,11.07,clear sky
382,Vicencia,BR,-7.6569,-35.3267,82.4,65,40,8.05,scattered clouds
383,Dubrovka,RU,53.6907,33.5071,41.0,70,93,6.71,overcast clouds
384,Victoria,HK,22.2855,114.1577,75.0,87,95,1.01,overcast clouds
385,Rauma,FI,61.1272,21.5113,48.2,49,0,17.27,clear sky
386,Koslan,RU,63.4564,48.8989,24.8,91,34,2.86,scattered clouds
387,Lagoa,PT,39.05,-27.9833,60.19,79,100,16.6,overcast clouds
388,Jilin,CN,43.0,126.0,38.75,34,0,5.46,clear sky
389,Mineros,BO,-17.1167,-63.2333,84.2,65,75,4.61,broken clouds
390,Yudong,CN,29.385,106.5194,60.01,77,90,4.47,light rain
391,Iglesias,IT,39.3114,8.535,57.99,88,75,4.61,moderate rain
392,Santa Cruz,BO,-17.8,-63.1667,84.2,65,75,3.44,broken clouds
393,Skibbereen,IE,51.55,-9.2667,55.4,58,40,16.11,scattered clouds
394,Kelvington,CA,52.1667,-103.5343,42.8,52,100,18.41,overcast clouds
395,Omboue,GA,-1.5746,9.2618,81.68,77,75,10.98,light rain
396,Moengo,SR,5.6167,-54.4,86.09,64,98,6.06,overcast clouds
397,Vyazemskiy,RU,47.5378,134.7525,35.44,47,8,9.91,clear sky
398,Tartus,SY,34.889,35.8866,62.6,63,40,3.44,scattered clouds
399,Jishou,CN,28.3167,109.7167,50.29,87,100,4.81,overcast clouds
400,Riberalta,BO,-10.9833,-66.1,84.2,74,75,2.86,light rain
401,Sarangani,PH,5.4033,125.4636,83.57,72,76,16.11,broken clouds
402,Anahuac,MX,27.2333,-100.15,66.2,77,90,11.5,overcast clouds
403,Godfrey,US,38.9556,-90.1868,64.4,48,1,6.91,clear sky
404,Sahuaripa,MX,29.05,-109.2333,81.01,10,0,3.11,clear sky
405,Itamaraju,BR,-17.0392,-39.5311,81.27,72,64,6.33,broken clouds
406,Puro,PH,12.4841,123.3827,79.68,74,8,11.7,clear sky
407,Benguela,AO,-12.5763,13.4055,82.36,80,72,7.49,broken clouds
408,Black River,JM,18.0264,-77.8487,82.99,65,40,25.32,scattered clouds
409,Vavozh,RU,56.7751,51.931,29.12,95,56,6.2,snow
410,Kushmurun,KZ,52.4503,64.6311,33.46,98,100,7.47,overcast clouds
411,Yerbogachen,RU,61.2767,108.0108,-11.29,99,59,4.18,broken clouds
412,Bourail,NC,-21.5667,165.4833,72.63,85,83,5.84,broken clouds
413,Umaria,IN,23.5333,80.8333,80.74,9,0,1.88,clear sky
414,Asosa,ET,10.0667,34.5333,82.24,20,89,5.32,overcast clouds
415,Bonavista,CA,48.6499,-53.1147,41.0,100,100,2.3,overcast clouds
416,Nuristan,AF,35.3,70.8333,25.54,99,100,4.68,light snow
417,Muzhi,RU,65.3667,64.6667,31.35,99,100,5.44,light snow
418,Hyeres,FR,43.1167,6.1167,61.0,67,75,3.44,broken clouds
419,Chipinge,ZW,-20.1883,32.6236,64.2,81,46,4.54,scattered clouds
420,Sovetskiy,RU,61.3614,63.5842,32.92,96,100,5.28,overcast clouds
421,Ribeira Grande,PT,38.5167,-28.7,62.6,88,75,19.57,broken clouds
422,Grindavik,IS,63.8424,-22.4338,21.2,53,75,25.32,broken clouds
423,La Sarre,CA,48.8002,-79.1996,36.07,74,100,7.9,overcast clouds
424,Golden,US,39.7555,-105.2211,70.0,21,40,3.33,scattered clouds
425,Korla,CN,41.7597,86.1469,51.96,24,0,11.65,clear sky
426,Toora-Khem,RU,52.4675,96.11,25.52,93,16,1.16,few clouds
427,Beckley,US,37.7782,-81.1882,57.2,33,1,11.5,clear sky
428,Polewali,ID,-3.4324,119.3435,77.49,86,100,3.53,overcast clouds
429,Nan,TH,18.8333,100.6667,71.22,91,100,0.2,moderate rain
430,San Patricio,US,28.017,-97.5169,73.0,78,90,8.05,overcast clouds
431,Koungou,YT,-12.7336,45.2042,84.2,79,75,9.22,broken clouds
432,Tomatlan,MX,19.9333,-105.25,86.63,36,37,3.87,scattered clouds
433,Half Moon Bay,US,37.4636,-122.4286,53.6,66,90,10.36,overcast clouds
434,Ambon,ID,-3.6954,128.1814,80.6,83,40,6.91,scattered clouds
435,Shahr-E Babak,IR,30.1165,55.1186,61.99,7,96,3.4,overcast clouds
436,Piterka,RU,50.6803,47.4454,38.89,64,100,6.04,overcast clouds
437,Moche,PE,-8.1711,-79.0092,71.6,83,0,8.05,clear sky
438,Comarapa,BO,-17.9,-64.4833,62.58,82,100,4.7,overcast clouds
439,Soc Trang,VN,9.6033,105.98,80.6,89,20,2.3,few clouds
440,Columbus,US,39.9612,-82.9988,63.0,41,20,4.61,few clouds
441,Belaya,UA,49.029,25.7706,45.0,57,98,6.69,overcast clouds
442,Novosheshminsk,RU,55.0651,51.2338,34.7,83,100,10.67,overcast clouds
443,Sungairaya,ID,0.7,108.9,78.12,84,36,3.29,scattered clouds
444,Mogadishu,SO,2.0371,45.3438,83.01,76,76,10.02,broken clouds
445,Leshukonskoye,RU,64.8989,45.7622,29.91,86,92,6.17,overcast clouds
446,Prieska,ZA,-29.6641,22.7474,85.75,17,0,11.59,clear sky
447,Norrtalje,SE,59.758,18.705,52.0,43,0,21.85,clear sky
448,Terney,RU,45.0503,136.6092,32.94,63,1,6.33,clear sky
449,Isiro,CD,2.7739,27.616,81.59,48,62,3.18,broken clouds
450,Vanavara,RU,60.34,102.2797,1.31,99,53,3.29,broken clouds
451,Borzoy,RU,42.8415,45.6275,57.2,58,0,11.18,clear sky
452,Springfield,US,37.2153,-93.2982,66.0,63,1,9.22,clear sky
453,Fuling,CN,29.7022,107.3919,58.23,82,100,2.48,overcast clouds
454,Aykhal,RU,66.0,111.5,-19.64,100,99,5.75,overcast clouds
455,Sorland,NO,67.667,12.6934,32.0,59,75,13.8,broken clouds
456,Road Town,VG,18.4167,-64.6167,82.4,65,75,8.05,broken clouds
457,Manjacaze,MZ,-24.7117,33.8828,68.9,70,44,5.23,scattered clouds
458,Kifri,IQ,34.6959,44.9661,66.04,32,0,11.1,clear sky
459,Tadine,NC,-21.55,167.8833,74.05,71,12,15.77,few clouds
460,Vega De Alatorre,MX,20.0333,-96.6333,75.54,53,20,4.25,few clouds
461,Shihezi,CN,44.3,86.0333,49.75,44,100,3.22,overcast clouds
462,Washougal,US,45.5826,-122.3534,51.8,71,90,5.75,overcast clouds
463,Aljezur,PT,37.3191,-8.8033,65.37,65,2,10.38,clear sky
464,Tsiroanomandidy,MG,-18.7667,46.0333,69.03,88,52,1.48,light rain
465,Tazovskiy,RU,67.4667,78.7,29.53,97,100,9.42,light snow
466,Bowen,AU,-20.0167,148.2333,73.4,94,75,3.44,moderate rain
467,Burnie,AU,-41.0667,145.9167,55.98,70,7,10.11,clear sky
468,Narwar,IN,25.65,77.9,84.02,7,0,2.55,clear sky
469,Tigre,AR,-34.426,-58.5796,78.01,73,40,6.91,scattered clouds
470,Havre-Saint-Pierre,CA,50.2334,-63.5986,35.6,93,90,13.8,overcast clouds
471,Ambilobe,MG,-13.2,49.05,77.09,88,68,1.74,broken clouds
472,Rivadavia,AR,-33.1905,-68.4608,73.4,56,20,6.91,few clouds
473,Palm Coast,US,29.585,-81.2078,70.0,52,1,8.05,clear sky
474,Richards Bay,ZA,-28.783,32.0377,68.14,70,0,6.35,clear sky
475,Ust-Ishim,RU,57.6935,71.1665,34.61,88,100,9.48,overcast clouds
476,Eureka,US,40.8021,-124.1637,50.0,84,97,1.86,overcast clouds
477,Sloboda,RU,51.1421,40.3021,42.66,72,100,5.99,light rain
478,Boddam,GB,57.4667,-1.7833,51.8,58,75,21.85,light rain
479,Ternate,ID,0.8,127.4,81.01,81,100,9.24,overcast clouds
480,Adet,ET,11.2644,37.4888,74.08,34,72,11.81,broken clouds
481,Jizan,SA,17.3333,42.6667,84.2,74,0,17.27,clear sky
482,Puquio,PE,-14.7,-74.1333,60.8,53,100,1.3,light rain
483,Santa Vitoria Do Palmar,BR,-33.5189,-53.3681,76.33,62,10,9.08,clear sky
484,Sao Jose Da Coroa Grande,BR,-8.8978,-35.1478,84.06,67,67,8.86,broken clouds
485,Kushima,JP,31.4583,131.2333,60.31,90,47,5.75,scattered clouds
486,Acarau,BR,-2.8856,-40.12,84.74,70,100,14.7,overcast clouds
487,Tezu,IN,27.9167,96.1667,73.13,32,39,5.79,scattered clouds
488,Kudahuvadhoo,MV,2.6708,72.8944,83.98,73,19,14.25,few clouds
489,Sept-Iles,CA,50.2001,-66.3821,37.99,47,75,10.36,broken clouds
490,Semporna,MY,4.4818,118.6112,77.0,100,20,3.44,few clouds
491,Dharchula,IN,29.85,80.5333,60.39,15,27,8.46,scattered clouds
492,Goroka,PG,-6.0834,145.3873,61.48,93,100,1.74,overcast clouds
493,Blackwater,AU,-23.5833,148.8833,70.95,82,100,9.55,overcast clouds
494,Galle,LK,6.0367,80.217,80.37,78,63,9.22,broken clouds
495,Singarayakonda,IN,15.25,80.0333,82.67,82,17,10.8,few clouds
496,La Paz,BO,-16.5,-68.15,50.0,66,75,4.61,broken clouds
497,Linqiong,CN,30.4159,103.4609,60.8,77,40,4.47,scattered clouds
498,Los Llanos De Aridane,ES,28.6585,-17.9182,68.0,60,75,4.61,broken clouds
499,Bay Roberts,CA,47.5999,-53.2648,46.99,89,96,4.0,overcast clouds
500,Veraval,IN,20.9,70.3667,79.45,79,3,7.58,clear sky
501,Qianjiang,CN,30.4151,112.8859,52.84,61,100,6.46,overcast clouds
502,Esna,EG,25.2934,32.554,87.8,14,0,9.22,clear sky
503,Nyrob,RU,60.733,56.7202,28.71,98,100,2.55,overcast clouds
504,Salinas,US,36.6777,-121.6555,55.4,71,40,1.92,scattered clouds
505,Padang,ID,-0.9492,100.3543,75.2,88,20,2.3,few clouds
506,Wahiawa,US,21.5028,-158.0236,72.0,73,75,8.05,light rain
507,Tura,IN,25.5198,90.2201,73.04,17,90,2.91,overcast clouds
508,La Palma,US,33.8464,-118.0467,62.01,100,75,4.61,mist
509,Yining,CN,29.0361,114.5636,53.64,93,100,2.71,light rain
510,Gora,PL,51.6664,16.5349,53.01,30,28,4.0,scattered clouds
511,Antalaha,MG,-14.9003,50.2788,78.62,84,7,6.29,clear sky
512,Governador Valadares,BR,-18.8511,-41.9494,82.71,63,93,3.24,overcast clouds
513,Saint-Augustin,CA,51.226,-58.6502,35.26,99,100,13.96,overcast clouds
514,Kamen-Rybolov,RU,44.7481,132.0403,36.1,49,0,6.31,clear sky
515,Necochea,AR,-38.5473,-58.7368,78.01,52,0,11.01,clear sky
516,Tual,ID,-5.6667,132.75,83.64,71,69,0.76,broken clouds
517,Labytnangi,RU,66.6572,66.4183,25.61,95,100,10.78,light snow
518,Asau,RO,46.4333,26.4,42.01,47,100,6.4,overcast clouds
519,Hambantota,LK,6.1241,81.1185,78.8,78,0,4.61,clear sky
520,Mackay,AU,-21.15,149.2,73.99,94,90,6.91,light rain
521,Leninskoye,KZ,41.7589,69.3864,51.8,93,90,4.61,mist
522,At-Bashi,KG,41.1702,75.8106,37.67,53,100,0.22,light rain
523,Oxbow,CA,49.2333,-102.1676,46.99,46,100,15.01,overcast clouds
524,Coahuayana,MX,18.7333,-103.6833,77.0,38,1,3.87,clear sky
525,Kodinsk,RU,58.6881,99.1844,21.11,98,87,2.66,overcast clouds
526,Kalamata,GR,37.0389,22.1142,64.99,72,75,8.05,mist
527,Fandriana,MG,-20.2333,47.3833,62.71,89,83,2.28,broken clouds
528,Lakatoro,VU,-16.0999,167.4164,78.82,87,100,13.13,moderate rain
529,Northam,GB,51.0333,-4.2167,55.0,46,28,11.7,scattered clouds
530,Shchigry,RU,51.8755,36.9043,44.6,49,0,4.47,clear sky
531,Imeni Poliny Osipenko,RU,52.4201,136.4853,26.02,61,1,0.43,clear sky
532,Launceston,AU,-41.45,147.1667,46.99,76,0,1.41,clear sky
533,Ntungamo,UG,-0.8833,29.65,68.09,93,100,2.64,moderate rain
534,Sakakah,SA,29.9697,40.2064,75.2,9,0,4.79,clear sky
535,Bonnyville,CA,54.2668,-110.735,39.2,56,75,9.22,broken clouds
536,Goundam,ML,16.4145,-3.6708,101.82,3,5,5.77,clear sky
537,Mega,ET,4.05,38.3,65.8,71,86,7.94,light rain
538,Yamada,JP,39.4667,141.95,44.28,94,100,14.03,overcast clouds
539,Amapa,BR,1.0,-52.0,80.24,88,100,4.7,overcast clouds
540,Issa,RU,53.8705,44.8578,30.13,93,69,4.7,broken clouds
541,Kirakira,SB,-10.4544,161.9205,79.5,87,88,5.59,overcast clouds
542,Itaituba,BR,-4.2761,-55.9836,90.57,50,100,4.23,overcast clouds
543,Port Lincoln,AU,-34.7333,135.8667,63.23,83,0,12.64,clear sky
544,Severo-Yeniseyskiy,RU,60.3725,93.0408,29.39,97,100,6.91,overcast clouds
545,Otanche,CO,5.6567,-74.1825,78.37,63,96,3.74,overcast clouds
546,Port Keats,AU,-14.25,129.55,78.62,78,100,6.31,overcast clouds
547,Port Moresby,PG,-9.4431,147.1797,77.0,94,40,3.44,scattered clouds
548,Machala,EC,-3.2667,-79.9667,82.4,78,40,3.44,scattered clouds
549,Lujiang,CN,31.2581,117.2817,50.0,62,0,4.47,light rain
550,Mount Gambier,AU,-37.8333,140.7667,57.2,72,13,3.44,few clouds
551,Kuvshinovo,RU,57.0295,34.1725,33.35,81,100,6.17,overcast clouds
552,Grand-Santi,GF,4.25,-54.3833,83.8,68,100,3.89,overcast clouds
553,Otane,NZ,-39.8833,176.6333,59.0,76,10,23.0,clear sky
554,Jacmel,HT,18.2342,-72.5347,82.4,65,75,6.91,broken clouds
555,Mayskiy,RU,47.6931,40.1025,39.2,93,75,11.18,moderate rain
556,Candido De Abreu,BR,-24.5669,-51.3333,81.61,37,86,3.42,overcast clouds
557,Sambek,RU,47.7431,39.8308,39.2,93,75,11.18,light rain
558,Koforidua,GH,6.0941,-0.2591,89.6,62,0,17.27,clear sky
559,Wawa,NG,9.9022,4.4192,99.18,12,10,4.85,clear sky
560,Semnan,IR,35.5729,53.3971,59.11,30,25,2.91,scattered clouds
561,Orichi,RU,58.4036,49.0572,24.24,95,48,4.18,scattered clouds
562,Sandy Bay,AU,-42.913,147.3532,57.2,62,75,9.22,broken clouds
563,Chinautla,GT,14.7083,-90.4994,72.0,59,20,20.71,few clouds
564,Mariental,NA,-24.6333,17.9667,90.99,16,7,5.21,clear sky
565,Maamba,ZM,-17.3667,27.15,73.47,60,0,2.62,clear sky
566,Rawson,AR,-43.3002,-65.1023,82.35,24,28,22.32,scattered clouds
567,Kutno,PL,52.2306,19.3641,45.0,55,36,3.0,scattered clouds
568,Oktyabrskoye,RU,43.0645,44.7417,59.0,41,12,11.18,few clouds
569,Ukiah,US,39.1502,-123.2078,50.0,66,90,5.75,overcast clouds
570,Iskateley,RU,67.6803,53.1512,12.27,96,9,6.44,clear sky
571,Gigmoto,PH,13.7796,124.39,80.06,70,66,9.33,broken clouds
572,Tommot,RU,58.9564,126.2925,12.18,96,100,2.82,overcast clouds
573,Monrovia,LR,6.3005,-10.7969,84.2,84,75,5.75,light rain
574,Montepuez,MZ,-13.1256,38.9997,70.65,97,86,4.27,overcast clouds
575,Garowe,SO,8.4054,48.4845,89.01,33,53,11.05,broken clouds
576,Ekibastuz,KZ,51.6667,75.3667,40.82,58,89,14.34,overcast clouds
577,Takoradi,GH,4.8845,-1.7554,84.43,71,30,10.2,scattered clouds
578,Kamuli,UG,0.9472,33.1197,67.75,84,90,8.21,light rain
579,Goba,ET,7.0167,39.9833,54.82,75,74,2.24,broken clouds
580,Kurilsk,RU,45.2333,147.8833,30.33,82,100,7.29,overcast clouds
581,Gweta,BW,-20.1833,25.2333,85.19,28,1,8.03,clear sky
582,Katherine,AU,-14.4667,132.2667,69.8,83,83,5.75,broken clouds
583,Rota,ES,36.6224,-6.3586,71.6,72,20,11.5,few clouds
584,Flinders,AU,-34.5833,150.8552,64.99,86,0,1.01,clear sky
585,Imbituba,BR,-28.24,-48.6703,78.8,61,40,9.22,scattered clouds
586,Hovd,MN,48.0056,91.6419,34.32,22,58,0.96,broken clouds
587,Banepa,NP,27.6298,85.5214,59.0,47,20,3.44,haze
588,Sistranda,NO,63.7256,8.834,35.6,93,90,32.21,light snow
589,Kargil,IN,34.5667,76.1,31.15,92,100,1.43,snow
590,Umtata,ZA,-31.5889,28.7844,75.2,57,0,10.36,clear sky
591,Vardo,NO,70.3705,31.1107,35.6,87,75,24.16,broken clouds
592,Maridi,SS,4.9158,29.4742,86.32,36,71,5.17,broken clouds
593,Nemuro,JP,43.3236,145.575,32.07,92,100,14.83,snow
594,Conneaut,US,41.9476,-80.5542,57.0,40,1,8.05,clear sky
595,Kailua,US,21.4022,-157.7394,69.8,83,90,14.97,light rain
596,Nadvoitsy,RU,63.8667,34.3167,33.64,97,100,12.21,light snow
597,Ganzhou,CN,28.8184,115.4327,55.89,84,96,4.79,light rain
598,Victoria Point,AU,-27.5833,153.3,70.0,92,100,1.99,overcast clouds
599,Matiri,TZ,-10.75,34.9,63.21,95,64,3.71,light rain
600,Bonthe,SL,7.5264,-12.505,85.8,66,49,13.94,scattered clouds
601,Shaoxing,CN,30.011,120.5715,53.6,35,0,11.18,clear sky
602,Evensk,RU,61.95,159.2333,10.42,52,100,29.51,overcast clouds
603,Magomeni,TZ,-6.8,39.25,84.2,74,20,17.27,few clouds
604,Hajnowka,PL,52.7433,23.5812,44.01,57,98,1.99,overcast clouds
605,Pyskowice,PL,50.4,18.6333,43.0,49,94,1.99,overcast clouds
606,Kauhajoki,FI,62.4333,22.1833,44.01,56,0,8.05,clear sky
607,Krasavino,RU,60.9614,46.4814,29.57,93,99,3.74,overcast clouds
608,Sarankhola,BD,22.3082,89.7897,78.21,44,85,1.88,overcast clouds
609,Quilmana,PE,-12.95,-76.3833,77.11,67,74,7.72,broken clouds
610,Banjar,ID,-8.19,114.9675,82.4,83,20,3.44,few clouds
611,Champerico,GT,14.3,-91.9167,84.2,70,0,6.44,clear sky
612,San Juan,AR,-31.5375,-68.5364,81.43,40,89,9.17,overcast clouds
613,Zhengjiatun,CN,43.5064,123.5064,44.26,23,0,9.17,clear sky
614,Sur,OM,22.5667,59.5289,86.4,44,0,7.63,clear sky
615,Stulovo,RU,58.7225,50.1439,25.29,95,55,4.38,broken clouds
616,Dornach,CH,47.4804,7.6164,59.0,31,0,6.91,clear sky
617,Poso,ID,-1.3959,120.7524,77.85,86,95,4.68,overcast clouds
618,Obera,AR,-27.4871,-55.1199,85.48,39,86,4.68,overcast clouds
619,West Bay,KY,19.3667,-81.4167,79.0,69,75,17.27,broken clouds
620,Teguise,ES,29.0605,-13.564,73.4,43,20,16.11,few clouds
621,Krasnoye,UA,49.9145,24.6134,39.2,70,40,4.47,scattered clouds
622,Natal,BR,-5.795,-35.2094,86.0,58,40,14.97,scattered clouds
623,Alyangula,AU,-13.8483,136.4192,79.16,61,17,4.74,few clouds
624,Isangel,VU,-19.55,169.2667,76.12,79,71,15.82,broken clouds
625,Funadhoo,MV,6.15,73.2667,84.61,66,82,12.28,broken clouds
626,Berdigestyakh,RU,62.0989,126.6992,-17.19,100,93,2.59,overcast clouds
627,Sassandra,CI,4.95,-6.0833,85.24,65,32,8.77,scattered clouds
628,Shuyskoye,RU,59.3736,41.0305,31.06,90,95,6.8,light snow
629,Antofagasta,CL,-23.65,-70.4,73.0,56,0,9.22,clear sky
630,Seewalchen,AT,47.9525,13.5838,50.0,22,98,7.0,overcast clouds
631,Gat,IL,31.61,34.7642,63.0,55,0,1.99,clear sky
632,Sherlovaya Gora,RU,50.5667,116.25,35.17,58,89,16.96,overcast clouds
633,Carbonia,IT,39.1672,8.5222,57.99,88,75,4.61,moderate rain
634,Killam,CA,52.7834,-111.8518,41.0,60,100,11.5,overcast clouds
635,Carutapera,BR,-1.195,-46.02,84.07,71,98,9.04,overcast clouds
636,Anadyr,RU,64.75,177.4833,-13.0,77,20,4.47,few clouds
637,Samarai,PG,-10.6167,150.6667,82.15,76,99,1.23,overcast clouds
638,Redcliffe,AU,-27.2307,153.0973,72.0,94,90,8.05,overcast clouds
639,Pacific Grove,US,36.6177,-121.9166,55.4,62,40,3.44,scattered clouds
640,Esperance,AU,-33.8667,121.9,62.6,88,7,14.97,clear sky
641,Takahagi,JP,36.7167,140.7167,57.99,96,100,3.36,light rain
642,Sibolga,ID,1.7427,98.7792,77.65,90,96,2.19,overcast clouds
643,Alirajpur,IN,22.3031,74.3546,88.57,13,0,5.37,clear sky
644,Vasai,IN,19.47,72.8,84.2,74,10,5.75,haze
645,Lasa,IT,46.6166,10.7002,66.2,36,0,9.22,clear sky
646,Nyandoma,RU,61.669,40.1991,30.74,88,100,9.28,overcast clouds
647,Vestmanna,FO,62.1564,-7.1664,24.8,68,75,41.43,light snow
648,Gobabis,NA,-22.45,18.9667,81.84,28,6,9.71,clear sky
649,Santiago,CL,-33.4569,-70.6483,60.8,63,75,3.44,broken clouds
650,Seoul,KR,37.5683,126.9778,48.2,61,0,3.44,clear sky
651,Port Blair,IN,11.6667,92.75,80.24,75,7,4.0,clear sky
652,Santa Rosa Del Sur,CO,7.9644,-74.0544,79.2,73,99,3.2,overcast clouds
653,Qui Nhon,VN,13.7667,109.2333,77.4,86,25,5.35,scattered clouds
654,Baruun-Urt,MN,46.6806,113.2792,38.17,24,0,7.45,clear sky
655,Solnechnyy,RU,50.7214,136.6319,26.58,55,5,2.21,clear sky
656,Kawalu,ID,-7.3817,108.2082,73.54,98,100,2.15,light rain
657,Grootfontein,NA,-19.5667,18.1167,84.2,34,20,8.05,few clouds
658,Amuntai,ID,-2.4177,115.2494,74.98,97,100,2.26,overcast clouds
659,Rovaniemi,FI,66.5,25.7167,35.6,87,20,11.5,few clouds
660,Masallatah,LY,32.6167,14.0,66.4,60,100,6.96,overcast clouds
